name,link,plu,discount,original_price,discounted_price,description,store_info,category
Ponds Men Sunscreen Gel Uv Protect Spf35 Pa+++ 30G,https://www.klikindomaret.com/product/men-sunscreen-gel-uv-protect,20133262,50%,Rp 41.000,41.9,"Sunscreen Gel pertama yang diformulasikan khusus untuk pria di Indonesia dari Pond's Men yang memiliki tiga kekuatan perlindungan terhadap UVA/UVB, Blue Light, efek buruk polusi, radikal bebas, serta kekuatan Niacinamide yang melindungi dari kusam dan minyak berlebih. Hadir dengan tekstur yang ringan, Mudah Menyerap, Tidak Lengket, No Whitecast, sangat cocok untuk kulit pria yang beraktivitas di luar ruangan dan cocok untuk penggunaan sehari-hari.",Warehouse Jakarta 1,Wajah
Ponds Sun Serum Uv Protect Spf50 Pa+++ Uva Uvb 30G,https://www.klikindomaret.com/product/sun-serum-uv-protect-spf50,20133261,50%,Rp 41.000,125.5,"Memberi perlindungan terhadap UVA/UVB & bantu perkuat skin barrier untuk wajah glowing berseri dan noda hitam tersamarkan. Terkstur Ringan, Cepat Menyerap, No Whitecast, dan 0% Alcohol.",Warehouse Jakarta 1,Wajah
Vixal Pembersih Kamar Mandi Kuat Segar 600mL,https://www.klikindomaret.com/product/pembersih-kamar-mandi-6,20132664,31%,Rp 17.200,15.8,"10X LEBIH TANGGUH MEMBERSIHKAN KERAK, MEMBUNUH 99,9% KUMAN, DENGAN AROMA YANG LEBIH SEGAR DAN TAHAN LAMA",Toko Indomaret,Pembersih Lantai & Toilet
Sunlight Pencuci Piring Reffill Extra Lembut 625mL,https://www.klikindomaret.com/product/pencuci-piring-ref-5,20132550,30%,Rp 9.900,14.9,EFEKTIF HILANGKAN LEMAK DAN LEBIH LEMBUT DITANGAN.,Toko Indomaret,Sabun Cuci Piring
Citra Hand & Body Lotion Serum Protect Glow 180mL,https://www.klikindomaret.com/product/hand--body-lotion-serum-1,20132101,45%,Rp 16.900,25.5,BARU! Citra Natural Booster Body Serum Protect Glow SPF 20 PA with 20x Niacinamide Vitamin C & 20x Hyaluronic Acid.,Toko Indomaret,Lotion
Rexona Deo Lotion Men Ice Cool 45G,https://www.klikindomaret.com/product/deo-lotion-men,20132099,45%,Rp 16.900,9.3,"Perlindungan dari bau badan dan keringat hingga 48 jam, 10x lebih kuat lawan baketeri penyebab bau badan*, Terasa bersih, kering, wangi dan segar sepanjang pagi.",Toko Indomaret,Lotion
Vaseline Hijab Protect Gluta Vitamin Spf 20 Serum 180mL,https://www.klikindomaret.com/product/hijab-protect-gluta-vitamin,20132102,45%,Rp 16.900,35.9,Vaseline Hijab Protect Gluta Vitamin SPF 20 Body Serum dengan 10x Kekuatan Pencerah^ dan dilengkapi dengan SPF 20 PA++ melindungi kulit dari sinar matahari dan mencegah belang pada kulit,Toko Indomaret,Lotion
Citra Hand & Body Lotion Serum Complete Glow 180mL,https://www.klikindomaret.com/product/hand--body-lotion-serum-2,20132100,3%,Rp 21.500,25.5,BARU! Citra Natural Booster Body Serum Complete Glow with 20x Niacinamide + Vitamin C & 20x Hyaluronic Acid.,Toko Indomaret,Lotion
Rexona Deo Lotion Women Free Spirit 45G,https://www.klikindomaret.com/product/deo-lotion-women,20131644,26%,Rp 21.200,16.9,Keharuman lembut yang menyejukkan sepanjang hari dalam bentuk lotion untuk mengatasi ketiak basah dan bau.,Toko Indomaret,Deodorant Spray
Rinso Detergent Powder Matic Front Load 900G,https://www.klikindomaret.com/product/detergent-powder-matic-99878,20086327,45%,Rp 24.000,46.5,RINSO MATIC POWDER FRONT LOAD TANPA KUCEK 3x LEBIH EFEKTIF ANGKAT NODA.,Toko Indomaret,Deterjen Bubuk
Rinso Detergen Liquid Matic Top Load 700mL,https://www.klikindomaret.com/product/detergen-liquid-matic-1,20131366,22%,Rp 13.500,25.3,LAWAN NODA TANPA KUCEK BERSIH LEBIH CEPAT HEMAT LISTRIK HINGGA 25% (HI-EFFICIENCY TECHNOLOGY).,Toko Indomaret,Deterjen Cair
Sunsilk Shampoo Soft & Smooth 170mL,https://www.klikindomaret.com/product/shampoo-23619,20131228,40%,Rp 31.500,54.5,"Sunsilk Soft Smooth Shampoo dengan Activ-Infusion yang mengandung Argan Oil, Soy Milk Protein, dan Vitamin E untuk membuat rambut 5X lebih lembut dan halus",Toko Indomaret,Shampoo Perawatan
Lux Sabun Mandi Cair Refill Sakura Bloom 825mL,https://www.klikindomaret.com/product/sabun-mandi-cair-refill-10,20130710,36%,Rp 44.900,28.9,"Lux Body Wash Sakura merupakan sabun mandi dengan keharuman lembut bunga yang terinspirasi dari semerbak bunga Sakura yang dapat membuat kulit bersih dan cerah merona. Dikreasikan oleh perfumer kelas dunia yang biasa mengkreasikan parfum kelas dunia. Dengan Lux Sakura Dream, biarkan sentuhan lembut aroma kelopak bunga membalut kulitmu.",Toko Indomaret,Sabun Cair
Lux Sabun Mandi Cair Refill Magical Orchid 825mL,https://www.klikindomaret.com/product/sabun-mandi-cair-refill-9,20130709,36%,Rp 44.900,28.9,"Lux Botanicals Magical Orchid dengan Vitamin C Essence dan Floral Beauty Oil. Sabun cair yang diformulasikan secara khusus dengan bahan-bahan alami untuk menghadirkan pengalaman mandi yang memukau dengan keharuman mewah tahan lama. Diperkaya dengan Vitamin C Essence dan ekstrak bunga Magical Orchid, hadir dalam formulasi yang dapat memberikan keharuman menggoda tahan lama.",Toko Indomaret,Sabun Cair
Lux Sabun Mandi Cair Refill Bluebell 400mL,https://www.klikindomaret.com/product/body-wash-botanical-brght-skin,20130706,35%,Rp 25.900,16.9,"Lux Bright Bluebell Body Wash, dengan Niacinamide, yang dapat mencerahkan kulitmu secara menyeluruh juga memberikan wangi yang memanjakan.",Toko Indomaret,Sabun Cair
Lifebuoy 3 In 1 Anti Bacterial 450mL,https://www.klikindomaret.com/product/3-in-1-anti-bacterial,20123524,37%,Rp 26.900,16.9,"Lifebuoy 3in1, 1 produk antibakteri yang bisa digunakan sebagai sabun mandi, sampo, dan sabun cuci tangan sekaligus. Dengan formula Activ Silver+ memberi perlindungan menyeluruh untuk kamu dan keluarga terhadap kuman berbahaya dari kepala hingga kaki.",Toko Indomaret,Sabun Cair
Sunsilk Shampoo Anti Dandruff Sehat & Kuat 160mL,https://www.klikindomaret.com/product/shampoo-anti-dandruff-18,20130636,34%,Rp 24.000,26.9,"Baru! Sunsilk Anti Ketombe Rambut SEHAT dan KUAT dengan Tea Tree Oil Serum, Lidah Buaya, dan Ginseng untuk menghilangkan ketombe secara menyeluruh, dan menutrisi secara mendalam untuk rambut 2X lebih kuat dan tetap sehat.",Toko Indomaret,Shampoo
Lifebuoy Sabun Mandi Cair Refill Mild Care 825mL,https://www.klikindomaret.com/product/sabun-mandi-cair-refill-8,20084152,35%,Rp 45.900,29.9,"Kulit halus membutuhkan keseimbangan antara perlindungan dan perawatan. Kandungan spesial pada sabun antibakteri Lifebuoy Mild Care yang mengandung kebaikan susu yang menjaga kulit terasa lembut dan halus. Diformulasikan dengan kandungan activ silver+ yang dirancang tidak hanya ringan di kulit tetapi juga melindungi dari kuman penyebab penyakit. Sabun antibakteri Lifebuoy Mild Care dengan kekuatan activ silver+, kandungan anti-bakteri yang bekerja dengan imunitas kulit dan melawan kuman penyebab penyakit, dengan kebaikan susu pada Lifebuoy Mild Care yang melembabkan kulit dan menjaga kelembaban natural kulit. Berikan perlindungan terbaik setiap hari untuk keluarga yang tidak hanya melindungi tapi juga merawat kulit.",Toko Indomaret,Sabun Cair
Lifebuoy Shampoo Strong & Shiny 430mL,https://www.klikindomaret.com/product/shampoo-17,20129936,40%,Rp 31.500,53.8,"Lifebuoy Shampo Kuat & Berkilau merek sampo kesehatan kepercayaan ibu Indonesia. Shampo ini menjadikan rambut keluarga sehat berkilau karena mengandung bahan alami dan cocok digunakan oleh keluarga. Kemasan lebih besar, lebih hemat untuk seluruh keluarga.Sampo Rambut Kuat dan Berkilau, diformulasikan dengan MilkNutriStrong & Habbatussauda alami yang menutrisi rambut secara menyeluruh dan menjadikan 2x lebih kuat* dan panjang^",Toko Indomaret,Shampoo Perawatan
Rinso Kapsul Matic Konsentrat 16's Lavender Fresh 168G,https://www.klikindomaret.com/product/kapsul-matic-konsentrat-1,20129855,29%,Rp 29.700,49.9,RINSO MATIC KAPSUL KONSENTRAT 3in1 POWER 1. ANTI BAU 2. EFEKTIF ANGKAT NODA 3.JAGA WARNA BAJU (LAVENDER FRESH).,Warehouse Jakarta 1,Deterjen Matic
Rinso Kapsul Matic Konsentrat Sakura Blossom 168g (isi 16),https://www.klikindomaret.com/product/kapsul-matic-konsentrat-2,20129836,18%,Rp 24.200,49.9,"Rinso Matic kapsul konsentrat 3 in 1 power : anti bau, efektif angkat noda, & jaga warna baju. Untuk segala jenis mesin cuci.",Toko Indomaret,Deterjen
Ponds Men Pembersih Wajah Ultra Bright Oil Fighter 100G,https://www.klikindomaret.com/product/men-pembersh-wajah-ultra-brght,20129599,22%,Rp 42.900,37.9,"BARU! Pond's Men Ultra Bright Oil Fighter Facial Foam. Sabun cuci muka yang mampu mengontrol minyak berlebih di tengah aktivitas yang padat! Mampu membuat wajah tampak lebih cerah walaupun beraktivitas di luar ruangan! Dengan kekuatan kandungan Charcoal + Mint + 10x Vitamin Pencerah + Icy Foam , mampu mengontrol minyak berlebih hingga 8 jam dan mengangkat kusam di wajah, menjadikan wajah 2x tampak lebih cerah. #BebasMinyakBebasAwkward",Toko Indomaret,Pembersih
Molto Pelembut & Pewangi Pakaian Refill Morning Fresh 650mL,https://www.klikindomaret.com/product/pelembut--pewangi-pakaian-ref-6,20129370,41%,Rp 16.900,29.3,10 X LEBIH WANGI RAWAT BAJU,Toko Indomaret,Pelicin & Pewangi Pakaian
Molto Eau De Parfum Luxury Parfum 650mL,https://www.klikindomaret.com/product/molto-luxury-parfume-650ml,20129160,35%,Rp 23.100,29.3,"Molto luxury parfum, tidak hanya memberikan wangi tahan lama 30 hari kini dengan tambahan ultra parfum oil yang melapisi dan memperkuat hingga serat kain terdalam, melindungi pakaian dari warna pudar & kerusakan bentuk pakaian.",Toko Indomaret,Pelicin & Pewangi Pakaian
Molto Softener Pure 650mL,https://www.klikindomaret.com/product/molto-softener-pure-650ml,20128919,43%,Rp 25.400,29.3,Molto pure memberikan wangi lembut tahan lama pada pakaian. Lembut dan tidak menimbulkan iritasi kulit.,Toko Indomaret,Pelicin & Pewangi Pakaian
Ponds Sun Serum Uv Protect SPF35 Pa+++ UVA UVB 30g,https://www.klikindomaret.com/product/sun-serum-uv-protect-spf35,20128957,49%,Rp 28.500,29.5,"Memberi perlindungan terhadap UVA/UVB & mengandung Niacinamide untuk wajah glowing berseri dan noda hitam tersamarkan. Terkstur Ringan, Cepat Menyerap, No Whitecast, dan 0% Alcohol.",Toko Indomaret,Serum
Buavita Juice Slim Korean White Peach 245mL,https://www.klikindomaret.com/product/buavita-juice-slim-korean-white-peach-245,20128929,34%,Rp 10.500,6.9,BUAVITA Jus Buah Asli Korean White Peach Minuman Colagen 1000mg Kaya Vitamin C.,Toko Indomaret,Jus
Rinso Detergen Liquid Micellar Soft 700mL,https://www.klikindomaret.com/product/detergen-liquid-micellar-soft,20128718,27%,Rp 20.500,14.9,TANGGUH ANGKAT NODA LEMBUT DITANGAN DAN PAKAIAN.,Toko Indomaret,Deterjen Cair
Wipol Pembersih Lantai Citrus Fresh 450mL,https://www.klikindomaret.com/product/pembersih-lantai-10,20122478,32%,Rp 17.400,9.9,"Melindungi keluarga dari kuman, virus, bakteri, debu, dan jamur adalah perjuangan tanpa henti: mereka selalu datang lagi. BARU! Pertama di Indonesia, WIPOL BioShield menggunakan Teknologi Probiotik.",Toko Indomaret,Pembersih Lantai & Toilet
Lifebuoy Pencuci Piring Lime 680mL,https://www.klikindomaret.com/product/lifebuoy-pencuci-piring-lime-680ml,20128374,30%,Rp 9.900,6.9,"Dengan kekuatan alami ekstrak jeruk nipis,euclyptus dan sereh, formulasi botanitech efektif angkat lemak dan bunih 99.9% bakteri Mudah dibilas tampa meninggalkan residu.",Toko Indomaret,Sabun Cuci Piring
Glow & Lovely Body Wash Multivitamin Niacinamide 825mL,https://www.klikindomaret.com/product/body-wash-multivitamin-1,20128059,51%,Rp 42.500,21.0,"Glow and Lovely Multivitamin Bodywash Untuk kulit lembut dan cerah vitaglow dengan Vitamin B,C,E, yang dikenal dapat memperbaiki tekstur kulit dan menutrisi kulit dan kandungan 3GLOW Technology yang dapat membersihkan kulit hingga pori-pori agar kulit cerah merata. Memberikan wangi tahan lama dan busa melimpah dalam setiap pemakaian.",Toko Indomaret,Sabun Cair
Glow & Lovely Body Wash Multivitamin Niacinamide 400mL,https://www.klikindomaret.com/product/body-wash-multivitamin-2,20128060,41%,Rp 23.500,13.9,"Glow and Lovely Multivitamin Bodywash Untuk kulit lembut dan cerah vitaglow dengan Vitamin B,C,E, yang dikenal dapat memperbaiki tekstur kulit dan menutrisi kulit dan kandungan 3GLOW Technology yang dapat membersihkan kulit hingga pori-pori agar kulit cerah merata. Memberikan wangi tahan lama dan busa melimpah dalam setiap pemakaian.",Toko Indomaret,Sabun Cair
Vaseline Body Lotion Gluta-Hya Serum Dewy Radiance 200mL,https://www.klikindomaret.com/product/vasline-body-lotion-dewy-radiance-200ml,20127213,45%,Rp 16.900,59.0,Vaseline Gluta-Hya Serum Burst Lotion 10X lebih baik dari Vitamin C untuk memberi Anda kulit dewy dalam 5 hari. Hand body lotion ini mengandung GlutaGlow dan Hyaluron untuk kulit dewy.,Warehouse Jakarta 1,Lotion
Vaseline Body Lotion Gluta-Hya Serum Flawless Bright 200mL,https://www.klikindomaret.com/product/vaseline-body-lotion-healthy-bright-200ml,20127212,20%,Rp 100.000,59.0,Vaseline Gluta-Hya Serum Burst Lotion 10X lebih baik dari Vitamin C untuk memberi Anda kulit cerah dalam 5 hari.,Warehouse Jakarta 1,Lotion
Molto Pelembut & Pewangi Pakaian Himalayan Honeysuckle 650mL,https://www.klikindomaret.com/product/molto-pewangi-pakaian-himalayan-650ml,20126741,35%,Rp 23.100,14.9,"TERINSPIRASI DARI SEGARNYA BUNGA HIMALAYAN ,10X LEBIH WANGI ,ANTI BAU DAN APEK SERTA MEMBERIKAN PROTEKSI HIGIENIS UNTUK MELINDUNGI KELUARGA DARI BAKTERI DI PAKAIAN",Toko Indomaret,Pelicin & Pewangi Pakaian
Molto Pelembut & Pewangi Pakaian Casablanca Lily 650mL,https://www.klikindomaret.com/product/molto-pewangi-pakaian-casaclanca-lily,20126740,35%,Rp 23.100,14.9,"TERINSPIRASI DARI SEGARNYA BUNGA LILY,10X LEBIH WANGI , ANTI BAU DAN APEK SERTA MEMBERIKAN PROTEKSI HIGIENIS UNTUK MELINDUNGI KELUARGA DARI BAKTERI DI PAKAIAN",Toko Indomaret,Pelicin & Pewangi Pakaian
Glow & Lovely Ultimate UV Duo Vitamin C SPF 35 Pa+++ 20g,https://www.klikindomaret.com/product/glow-lovely-ultimate-uv-duo-vit-c,20126525,11%,Rp 189.000,21.7,"SPF 35 PA+++: Melindungi hingga 92% dari bahaya sinar matahari UVA & UVB. Melindungi hingga 97% terhadap bahaya sinar matahari.Vitamin C & Niacinamide: Membantu mencerahkan kulit dan menyamarkan bintik hitam. Formulanya super ringan dan tidak lengket, untuk kulit glowing yang cerah merata.",Toko Indomaret,Sunscreen
Wall's Ice Cream Magnum Mini Mix 6X45mL,https://www.klikindomaret.com/product/walls-magnum-ice-cream-mini-mix,20126485,3%,Rp 21.500,55.0,"Magnum Mini Classic Almond Cookies & Cream, Es Krim Rasa Vanila dilapisi cokelat . Es Krim rasa vanila dilapisi cokelat dan kacang almond. Es Krim rasa krim dilapisi cokelat putih dan butiran biskuit cokelat.",Toko Indomaret,Es Krim
Wall's Carte D'or Chocolate,https://www.klikindomaret.com/product/carte-dor-2,20126093,3%,Rp 21.500,75.0,1x Carte D'or Chocolate 410ML,Penjual,Es Krim
Wall's Carte D'or Strawberry,https://www.klikindomaret.com/product/carte-dor-1,20126095,3%,Rp 21.500,75.0,1x Carte D'or Strawberry 410ML,Penjual,Es Krim
Rinso Detergen Powder Anti Noda + Molto Korean Strawberry 650g,https://www.klikindomaret.com/product/rinso-deterjen-bubuk-korean-strawbery,20123256,25%,Rp 19.900,14.9,"TERINSPIRASI DARI SEGARNYA BUAH STRAWBERRY ASAL KOREA YANG MANIS DAN MENYEGARKAN, ANTI BAU DAN APEK SERTA MEMBERIKAN PROTEKSI HIGIENIS UNTUK MELINDUNGI KELUARGA DARI BAKTERI DI PAKAIAN.",Toko Indomaret,Deterjen Bubuk
Lifebuoy Shampoo Anti Ketombe Refresh N Cool 155mL,https://www.klikindomaret.com/product/lifebuoy-shampoo-anti-ketombe-155ml,20125852,21%,Rp 44.900,26.9,Lifebuoy Shampoo Refresh N Cool yang cocok untuk keluarga. Lifebuoy Shampoo dengan Minty Lemon efektif melawan ketombe lepek. Kesegaran wangi Lifebuoy Shampoo bantu menghilangkan bau matahari,Toko Indomaret,Shampoo
Dove Micellar Shampoo Hair Boost 430mL,https://www.klikindomaret.com/product/dove-micellar-hair-boost-430ml,20125698,34%,Rp 24.000,74.1,"Dengan teknologi Micellar, membersihkan secara menyeluruh dan menyegarkan rambut serta kulit kepala. Dengan Calcium Complex menutrisi rambut agar lebih kuat dan tidak mudah rontok. Formulasi ringan dan cocok untuk digunakan setiap hari.",Warehouse Jakarta 1,Shampoo
Dove Micellar Shampoo Deep Cleanse 430mL,https://www.klikindomaret.com/product/dove-micellar-deep-cleanse-430ml,20125699,27%,Rp 40.700,74.1,"Dengan teknologi Micellar, membersihkan secara menyeluruh dan menyegarkan rambut serta kulit kepala. Dengan Himalayan Salt, menutrisi dan melembutkan rambut kering, membuatnya tampak bersinar tanpa lepek. Formulasi ringan dan cocok untuk digunakan setiap hari.",Warehouse Jakarta 1,Shampoo
Close Up Pasta Gigi Fresh Multivitamin 160g,https://www.klikindomaret.com/product/pasta-gigi-fresh-multivitamin-1,20125623,23%,Rp 23.100,23.4,"Baru Close Up Multivitamin memberi Anda perlindungan segar menyeluruh untuk mulutmu. Dengan vitamin dan mineral (vitamin C, vitamin E, fluoride, dan zinc). Melindungi dari plak, bakteri, gigi berlubang, bau mulut, gigi kuning, gigi sensitif, karang gigi, email rapuh dan kuman. Menjaga kesehatan gusi, akar gigi dan nafas segar.",Toko Indomaret,Pasta Gigi
Wall's Ice Cream Feast Pop Vanilla & Caramel 64mL,https://www.klikindomaret.com/product/ice-cream-feast-pop,20125168,3%,Rp 21.500,10.5,Es Susu Rasa Vanila dan Karamel Berlapis Cokelat dan Kacang,Toko Indomaret,Es Krim
Wall's Ice Cream Selection Silverqueen 410mL,https://www.klikindomaret.com/product/ice-cream-selection-2,20125172,3%,Rp 21.500,36.0,Es Krim Rasa Cokelat dengan Saus Cokelat dan Kacang Mede,Toko Indomaret,Es Krim
Wall's Ice Cream Magnum Cookies & Cream 80mL,https://www.klikindomaret.com/product/walls-magnum-ice-cream-cookies-cream,20125166,3%,Rp 21.500,20.0,Es Krim Rasa Krim dengan Remahan Biskuit Cokelat Dilapisi Cokelat Putih dan Butiran Biskuit Cokelat,Toko Indomaret,Es Krim
Rexona Deo Roll On Hijab Women Peach & Mint Cool 45mL,https://www.klikindomaret.com/product/rexona-deo-roll-on-hijab-women,20125118,43%,Rp 26.100,14.9,"Rexona Hijab Peach & Mint : bebas gerah, melawan keringat, bebas berkatifitas",Toko Indomaret,Deodorant Roll On
Wall's Ice Cream Paddle Pop Milkie 56mL,https://www.klikindomaret.com/product/ice-cream-paddle-pop-21,20124808,3%,Rp 21.500,4.5,"Es Krim Rasa Susu, Cokelat dan Vanila",Toko Indomaret,Es Krim
Royco Saus Tiram 135mL,https://www.klikindomaret.com/product/saus-tiram-saori-4,20123887,3%,Rp 21.500,10.9,"Royco Saus Tiram, dibuat dengan campuran ekstrak tiram asli dan berbagai jenis bahan-bahan lain yang menghasilkan perpaduan cita rasa khas saus tiram, asin, manis dan gurih yang seimbang.",Toko Indomaret,Cooking Sauce
Zwitsal Baby Bath Hair & Body Antibacterial 200mL,https://www.klikindomaret.com/product/baby-bath-hair--body-1,20123404,30%,Rp 37.000,24.9,Zwitsal Baby Bath Hair and Body kini hadir dengan variant antibacterial. Sabun cair dan shampoo yang yang dikemas menjadi satu produk. Dilengkapi dengan formula yang memberikan perlindungan extra untuk si kecil setiap harinya.,Toko Indomaret,Baby Hair & Body Wash
Zwitsal Baby Hair Lotion Natural Sweet Almond & Vit E 100mL,https://www.klikindomaret.com/product/baby-hair-lotion-natural-sweet,20123405,13%,Rp 14.900,31.5,"Diperkaya dengan Sweet Almond Oil & Vitamin E untuk menutrisi dan melindungi kelembapan kulit kepala & rambut, sehingga tetap sehat dan mudah diatur. Usapkan dengan lembut pada rambut dan kulit kepala setelah mandi atau keramas.",Toko Indomaret,Perlengkapan Bayi
Zwitsal Baby Hair Lotion Natural Sweet Almond & Vit E 100mL,https://www.klikindomaret.com/product/baby-hair-lotion-natural-sweet,20123405,28%,Rp 27.500,31.5,"Diperkaya dengan Sweet Almond Oil & Vitamin E untuk menutrisi dan melindungi kelembapan kulit kepala & rambut, sehingga tetap sehat dan mudah diatur. Usapkan dengan lembut pada rambut dan kulit kepala setelah mandi atau keramas.",Toko Indomaret,Perlengkapan Bayi
Rinso Deterjen Liquid + Molto Refill Rose Fresh 1.45L,https://www.klikindomaret.com/product/rinso-deterjen-liquid-molto-rose,20123338,25%,Rp 19.900,49.4,HILANGKAN NODA DENGAN 1X KUCEK DENGAN AROMA ROSE DAN APEL MERAH TAHAN LAMA.,Toko Indomaret,Deterjen Cair
Sunlight Pencuci Piring Korean Strawberry 560mL,https://www.klikindomaret.com/product/pencuci-piring-ref-4,20122946,30%,Rp 9.900,14.9,"BARU! Sunlight Extra Korean Strawberry, terinspirasi dari segarnnya strawberry dari Korea.",Toko Indomaret,Sabun Cuci Piring
Rinso Deterjen Liquid + Molto Korean Strawberry 510mL,https://www.klikindomaret.com/product/rinso-deterjen-molto-korean-stroberi,20122879,34%,Rp 19.500,14.9,"3x lebih efektif bunuh bakteri, Tangguh lawan bau tak sedap, Hilangkan noda hanya dengan 1x kucek dengan aroma strawberi.",Toko Indomaret,Deterjen Cair
Molto Pelembut & Pewangi Pakaian Korean Strawberry 650mL,https://www.klikindomaret.com/product/molto-pelembut-pewangi-korean-stroberi,20122880,35%,Rp 23.100,14.9,Jadikan pakaian anda tetap wangi semerbak meski beraktivitas seharian.,Toko Indomaret,Pelicin & Pewangi Pakaian
Pepsodent Pasta Gigi Halal Siwak & Habbatussauda 150+40g,https://www.klikindomaret.com/product/pasta-gigi-halal-2,20122746,30%,Rp 18.500,22.9,"Siwak, dikenal untuk memutihkan gigi & mencegah gigi berlubang. Habbatussauda, dikenal sebagai antibakteri. Gigi putih & lawan 99% bakteri.",Toko Indomaret,Pasta Gigi
Dove Super Conditioner Intensive Hair Fall Treat 170mL,https://www.klikindomaret.com/product/super-conditioner-intensive-1,20122739,3%,Rp 21.500,32.1,Menutrisi Tanpa Membuat Rambut Lepek Hanya dalam 1 Menit. Conditioner Terkini Dengan Kekuatan Menutrisi Dari Kapsul Serum. Rambut Kuat Dalam 1 Menit.,Warehouse Jakarta 1,Kondisioner dan Masker
Sunlight Pencuci Piring Habbatussauda 420mL,https://www.klikindomaret.com/product/pencuci-piring-ref-3,20122657,20%,Rp 9.900,7.9,"Membersihkan lemak pada peralatan makan dan masak, sekaligus membunuh bakteri dan mencegah pertumbuhan jutaan bakteri pada spons hingga 100 kali lebih efektif!!",Toko Indomaret,Sabun Cuci Piring
Ponds Age Miracle Serum Ultimate Youth 7g,https://www.klikindomaret.com/product/age-miracle-serum,20122296,49%,Rp 18.500,26.5,"POND'S AGE MIRACLE Ultimate Youth Serum, 10x kekuatan anti aging. Kulit tampak muda dan bercahaya. Lihat hasilnya dalam 7 hari.",Toko Indomaret,Serum
Rexona Deodorant Roll On Women Dreamy Bright 40mL,https://www.klikindomaret.com/product/rexona-deodorant-women-bright,20092400,32%,Rp 17.500,11.9,Deodorant untuk remaja perempuan dengan formulasi mencerahkan kulit ketiak secara alami dengan kandungan vitamin E&F yang teruji efektif mencerahkan kulit dalam 7 hari. Rexona Dreamy Bright mengandung 0% alkohol sehingga aman untuk kulit remaja dan diperkaya dengan keharuman bunga Lily. Rexona juga mampu memberikan perlindungan terhadap keringat dan bau badan hingga 48jam,Toko Indomaret,Deodorant Roll On
Lux Body Wash Hijab Zaitun & Madu 400mL,https://www.klikindomaret.com/product/lux-sabun-mandi-hijab-400ml,20122042,39%,Rp 27.900,16.9,"Lux Hijab Series Olive & Honey Body Wash, dengan 100% Natural Tea Tree Oil, madu, dan zaitun, membersihkan kulitmu secara menyeluruh juga menjadikan kulit menjadi bersih, segar dan wangi.",Toko Indomaret,Sabun Cair
Rinso Deterjen Powder + Molto Rose Fresh 400g,https://www.klikindomaret.com/product/deterjen-molto-rose-fresh-460g,20113183,45%,Rp 24.000,10.0,Menghilangkan noda dan kesegarannya tahan lama. Diformulasi dengan memadukan kekuatan dari Rinso dan Molto Ultra dengan formula khusus penghilang noda yang mampu menghilangkan noda 2 kali lebih efektif dibandingkan deterjen bubuk biasa. Dapat digunakan langsung di atas noda membandel pada pakaian untuk meningkatkan proses pembersihan pada saat proses perendaman. Larut lebih cepat dan sempurna meresap ke sela-sela kain serta wangi segar yang lebih tahan lama dan lembut ditangan,Toko Indomaret,Deterjen Bubuk
Rinso Deterjen Powder + Molto Perfume Essence 400g,https://www.klikindomaret.com/product/deterjen-powder-molto-400g,20121372,6%,Rp 17.900,10.0,"Rinso Molto Perfume Essence merupakan bubuk deterjen rinso yang dilengkapi dengan pelembut. Hadir dengan wangi perfume essence, deterjen ini mampu menghilangkan noda hingga ke serat kain serta memberikan kesegaran yang tahan lama.",Toko Indomaret,Deterjen Bubuk
Super Pell Pembersih Lantai Anti-Bac Citrus 500mL,https://www.klikindomaret.com/product/pembersih-lantai-ref-7,20121373,27%,Rp 13.100,9.9,"Pembersih lantai dengan anti-bact formulation, bunuh 99% bakteri dan virus. Solusi lantai higienis, dengan ekstrak citrus pilihan untuk memberikan wangi kesegaran tahan lama.",Toko Indomaret,Pembersih Lantai
Royco Bumbu Kaldu Ayam Spesial 40G,https://www.klikindomaret.com/product/bumbu-kaldu-6,20121051,3%,Rp 21.500,5.0,1. Tanpa tambahan penguat rasa / MSG & tanpa pewarna buatan. 2. Cocok untuk semua jenis masakan untuk seluruh anggota keluarga. 3. Tutup rapat kemasan setelah dibuka dan simpanlah di wadah plastik kedap udara.,Toko Indomaret,Bumbu Instan
Wall's Ice Cream Upin & Ipin 60mL,https://www.klikindomaret.com/product/ice-cream-31,20121038,3%,Rp 21.500,4.5,"Es Stik Rasa Anggur, Apel, dan Jeruk",Toko Indomaret,Es Krim
Zwitsal Baby Bath Hair & Body Antibacterial 400mL,https://www.klikindomaret.com/product/baby-bath-hair--body-2,20110812,35%,Rp 39.900,25.9,"Sabun Mandi Khusus Bayi yang efektif melawan kuman, lembut dan aman di kulit yang sudah teruji secara dermatologis.",Toko Indomaret,Baby Hair & Body Wash
Ponds Pure Bright/Miracle Whip Collagen 100G,https://www.klikindomaret.com/product/serum-whip-facial-foam-1,20120613,29%,Rp 36.000,45.3,"PONDS Pure Bright Collagen Whip Foam dengan Activated Charcoal Apakah kamu tau, facial foam pada umumnya memiliki busa besar yang tidak bisa membersihkan hingga ke pori? Bersihkan dan D-TOXX^ wajahmu dengan PONDS Pure Bright Collagen Whip Foam baru. Pertama dari Pond's, busa whip creamy mengandung 5x Micro Foam+. Busa lebih banyak dan halus lembut seperti awan, mengangkat kotoran serta minyak, dan membersihkan pori lebih mendalam*. +dibandingkan dengan Pond's Facial Foam lainnya *epidermis ^Deep Taking Out exposed external pollution",Toko Indomaret,Pembersih
Clear Shampoo Anti Dandruff Menthol Segar 400mL,https://www.klikindomaret.com/product/shampoo-anti-dandruff-17,20120424,34%,Rp 24.000,67.6,Clear Shampoo Anti Ketombe memberikan nutrisi kulit kepala secara mendalam. Selain itu juga memberikan perlindungan komplit terhadap ketombe tanpa membuat kulit kepala kering. Kandungan mentholnya memberikan sensasi dingin pada kulit kepala. Dengan pemakaian secara teratur dapat membuat rambut indah bebas ketombe.,Toko Indomaret,Shampoo
Pepsodent Pasta Gigi Herbal 75+25G,https://www.klikindomaret.com/product/pasta-gigi-herbal-5,20120205,23%,Rp 23.100,12.8,"Pepsodent herbal dengan formulasi yang lebih lembut, diperkaya oleh kombinasi bahan alami dan bahan yang diproses secara ilmiah untuk gigi tetap kuat, gusi tetap sehat dan mulut tetap segar.",Toko Indomaret,Pasta Gigi
Pepsodent Pasta Gigi Herbal 120+30G,https://www.klikindomaret.com/product/pasta-gigi-herbal-4,20120206,30%,Rp 18.500,18.2,"Pepsodent herbal dengan formulasi yang lebih lembut, diperkaya oleh kombinasi bahan alami dan bahan yang diproses secara ilmiah untuk gigi tetap kuat, gusi tetap sehat dan mulut tetap segar.",Toko Indomaret,Pasta Gigi
Pepsodent Sikat Gigi Expert Clean 3'S Soft,https://www.klikindomaret.com/product/pepsodent-sikat-gigi-expert-clean-3s,20119094,21%,Rp 17.500,24.9,"Sikat gigi lembut dari Pepsodent dengan ujung bulu sikat 0,01 mm yang bisa membersihkan gigi hingga ke sela-sela. Membersihkan plak jadi lebih mudah, PEPSODENT EXPERT CLEAN adalah toothbrush yang memiliki leher sikat gigi 3 sudut yang bisa menjangkau gigi belakang",Toko Indomaret,Sikat Gigi
Pepsodent Sikat Gigi Siwak 2'S Soft,https://www.klikindomaret.com/product/pepsodent-sikat-gigi-siwak-2s,20119092,22%,Rp 21.300,22.7,"Rangkaian Pepsodent Nature Essentials memperkenalkan sikat gigi baru dengan Siwak Alami, Pepsodent Nature Essentials dengan bulu sikat mengandung ekstrak Siwak Alami yang mencegah pembentukkan plak dan karang gigi, Bulu sikat halus membersihkan dengan lembut dan efektif, Ujung bulu sikat 0.01mm membersihkan plak di sela-sela gigi yang tidak dapat diraih oleh bulu sikat gigi biasa.",Toko Indomaret,Sikat Gigi
Pepsodent Sikat Gigi Brilian 3'S Soft,https://www.klikindomaret.com/product/pepsodent-sikat-gigi-brilian-3s,20119096,3%,Rp 21.500,10.4,sikat gigi dengan bulu sikat bergelombang yang membersihkan sela-sela gigi dengan baik dan mempunyai gagang sikat yang panjang & kuat,Toko Indomaret,Sikat Gigi
Pepsodent Pasta Gigi White 120+30G,https://www.klikindomaret.com/product/pepsodent-pasta-gigi-white-150g,20118537,23%,Rp 23.100,11.2,"PerlindunganMikro Kalsium Aktifmembantu memperbaiki* lubang kecil tak kasat mata, danPro-Fluoride Kompleksmelindungi gigi lebih lama.*) Mengacu pada aktivitas mengembalikan mineral yang hilang pada email gigi.",Toko Indomaret,Pasta Gigi
Wall's Ice Cream Mini Cornetto Oreo 12X28ml,https://www.klikindomaret.com/product/ice-cream-mini-cornetto-2,20117569,3%,Rp 21.500,36.0,Es Krim Rasa Vanila & Cokelat dengan Potongan Biskuit Oreo.,Toko Indomaret,Es Krim
Vaseline Hijab Radiant Gluta Vitamin Cooling Serum 180mL,https://www.klikindomaret.com/product/vaseline-hijab-bright-all-day-radiant,20117461,20%,Rp 49.900,37.5,"Kami percaya semua orang berhak memiliki kulit sehat. Karena itu, kami menciptakan Vaseline All Day Radiant Cooling Serum, perawatan kulit khusus untuk wanita berhijab. Formulanya yang ringan, tidak lengket, memberikan sensasi dingin yang menyegarkan tanpa rasa gerah pada kulit, dengan wangi elegan dan lembut yang tahan lama. Jadikan kulit lebih cerah, bercahaya dari dalam. Vaseline All Day Radiant menjawab kebutuhan wanita berhijab: 1. Formulasi Wudhu-friendly, tidak licin meskipun terkena air. 2. Sensasi dingin #BebasGerah dengan rasa sejuk menyegarkan 3. Terlindung dari sinar UV yang ternyata masih menembus lapisan pakaian. 4. Teknologi parfum yang tahan lama hingga 12 jam. 5. Tekstur serum yang cepat menyerap dan tidak lengket. 6. Melembabkan, menghaluskan, dan mencerahkan kulit. Vaseline sebagai brand Hand Body Lotion yang telah dipercaya selama ratusan tahun, percaya bahwa kulit yang benar-benar sehat dapat dimiliki oleh setiap orang, tanpa terkecuali. Untuk itu Vaseline membantu memperbaiki kulit dengan perawatan tubuh yang berkualitas dan kualitas hidup masyarakat yang membutuhkan di seluruh dunia. Melalui misi kemanusiaan secara global, yakni Vaseline Healing Project, Vaseline menyumbangkan lebih dari 1 juta produk Vaseline melalui mitra klinik dan rumah sakit, memberikan pelatihan mengenai kesehatan kulit bagi tenaga kesehatan, dan membantu memperbaiki kondisi kulit masyarakat di daerah yang paling membutuhkan. Unilever Official Store Merupakan toko resmi Unilever Indonesia yang menyediakan seluruh produk Unilever. Berkerjasama dengan mitra penjualan kami, Unilever Indonesia memastikan originalitas dan kualitas dari produk yang disediakan. Unilever Official Store menyediakan lebih dari 40 brand yang telah setia menemani masyarakat Indonesia dari berbagi macam kategori. Brand kami juga memiliki tujuan mulia (purpose) untuk selalu berupaya untuk mengurangi jejak lingkungan dan manfaat positif bagi masyarakat. Dapatkan produk Unilever dengan harga yang terjangkau dan promo yang menarik di Unilever Official Store.",Toko Indomaret,Lotion
Molto Pelicin &Pewangi Pakaian Trika Flower Shower 400Ml,https://www.klikindomaret.com/product/pelicin-pewangi-pakaian-trika-2,20117290,30%,Rp 6.600,10.2,Dapat melicinkan & merapikan pakaian Anda sehingga pekerjaan menyetrika menjadi lebihcepat dan mudah,Warehouse Jakarta 1,Perapi Pakaian
Molto Pelicin &Pewangi Pakaian Trika Floral Bliss 400Ml,https://www.klikindomaret.com/product/pelicin-pewangi-pakaian-trika-1,20117291,30%,Rp 6.600,10.2,Dapat melicinkan & merapikan pakaian Anda sehingga pekerjaan menyetrika menjadi lebihcepat dan mudah,Warehouse Jakarta 1,Perapi Pakaian
Bango Kecap Manis Refill 735mL,https://www.klikindomaret.com/product/bango-kecap-manis-refill-1,20117107,3%,Rp 21.500,34.2,"Hanya bahan pilihan dari alam ciptakan kecap berkualitas. 4 bahan alami pilihan yaitu : kedelai hitam, gula, garam dan air.",Toko Indomaret,Kecap
Zwitsal Face & Body Care Cream 50G,https://www.klikindomaret.com/product/zwitsal-face-body-care-cream-50g,20116527,10%,Rp 20.900,24.5,Melembutkan dan melembapkan kulit hingga 24 jam. Dilengkapi dengan natural Chamomile & Vit E.,Toko Indomaret,"Baby Cologne, Oil, Lotion & Cream"
Wall's Ice Cookies N Cream Oreo Vanila 90Ml,https://www.klikindomaret.com/product/ice-cookies-n-cream,20115639,3%,Rp 21.500,8.5,"Serunya berbagi es krim yang enak bareng keluarga ataupun teman-teman. Kali ini, ada es krim Oreo dengan paduan rasa vanilla dan biskuit sandwich-nya!",Toko Indomaret,Es Krim Stick & Cup
Buavita Juice Orange 1000Ml,https://www.klikindomaret.com/product/buavita-juice-orange-1000,20115157,34%,Rp 10.500,29.3,"Made from real Orange fruit, freshly picked to make a deliciously fresh taste of Buavita Orange. Squeezed with pulp excitements inside. Enriched with vitamins to support your activity with adequate daily nourishment intake",Toko Indomaret,Jus
Lifebuoy Sabun Mandi Cair Refill Japanese Shiso & Mineral Clay 400mL,https://www.klikindomaret.com/product/sabun-mandi-cair-refill-7,20115145,37%,Rp 26.900,16.9,"PERPADUAN DARI KEUNGGULAN SABUN ANTI BAKTERI DENGAN BAHAN ALAMI DARI JEPANG UNTUK MEMBERIKAN MANFAAT TERBAIK BAGI KULITMU. PADUAN KOMBINASI BAHAN ALAMI SEPERTI SHISHO LEAF YANG TERKENAL DENGAN MANFAAT ANTI-INFLAMASI, JUGA SANDALWOOD YANG MEMILIKI SIFAT ANTISEPTIC UNTUK MELINDUNGI KULITMU DARI JERAWAT BADAN DAN JUGA DEBU DARI POLUSI UDARA SEHARI HARI. TIDAK LUPA JUGA PINK CLAY YANG SUDAH SANGAT TERUJI DAN TERKENAL DENGAN MANFAATNYA UNTUK MEREVITALISASI KULIT DAN MENJAGA KELEMBABAN.",Toko Indomaret,Treatment Liquid Soap
Ponds Bright Beauty Power Serum 7.5G,https://www.klikindomaret.com/product/bright-beauty-power-serum,20114849,8%,Rp 139.000,19.0,"Kamu bisa menggunakan serum sejak dini, terlebih jika kamu ingin punya wajah cerah, halus, lembap. Memperkenalkan POND'S Bright Beauty Triple Glow Serum, formula terbaru dari Pond's yang bisa mencerahkan, melembutkan, dan melembapkan wajahmu, untuk hasil yang sulit kamu dapatkan hanya dengan menggunakan krim saja!",Toko Indomaret,Serum
Wall's Ice Cream Paddle Pop Minions Vanilla Caramel 90Ml,https://www.klikindomaret.com/product/ice-cream-paddle-pop-minions,20114106,3%,Rp 21.500,5.5,Es Krim Rasa Vanila dan Karamel,Toko Indomaret,Es Krim
Dove Serum Shampoo Perawatan Rambut Rontok 135mL,https://www.klikindomaret.com/product/dove-serum-shampoo-perawatan-1,20113906,21%,Rp 25.500,20.1,"Dove Sampo Perawatan Rambut Rontok dengan Nutri Serum dan Dynazinc, menutrisi rambut dari akarnya untuk rambut kuat dan efektif mengurangi rambut rontok karena patah",Toko Indomaret,Shampoo
Dove Serum Shampoo Perawatan Rambut Rontok 290mL,https://www.klikindomaret.com/product/dove-serum-shampoo-perawatan-2,20113907,21%,Rp 48.500,38.1,"Dove Sampo Perawatan Rambut Rontok dengan Nutri Serum dan Dynazinc, menutrisi rambut dari akarnya untuk rambut kuat dan efektif mengurangi rambut rontok karena patah",Toko Indomaret,Shampoo
Sunsilk Vitamin Hair Mist 3 In 1 40Ml,https://www.klikindomaret.com/product/vitamin-hair-mist-3in1,20113178,40%,Rp 31.500,16.3,"Sunsilk Vitamin Hair Mist memberikan nutrisi vitamin pada rambutmu tanpa rasa lengket! Membuatnya sehat, lembut, mudah diatur, dan harum. Dapat digunakan saat rambut masih basah setelah keramas atau rambut yang kering.",Toko Indomaret,Vitamin Rambut
Ponds Bright Beauty/Miracle Whip Collagen 100G,https://www.klikindomaret.com/product/serum-whip-facial-foam-2,20112743,48%,Rp 35.700,45.3,"POND'S Bright Beauty Collagen Whip Foam dengan French Rose Extract. Apakah kamu tau, facial foam pada umumnya memiliki busa besar yang tidak bisa membersihkan hingga ke pori? Bersihkan dan cerahkan wajahmu dengan POND'S Bright Beauty Collagen Whip Foam. Pertama dari Pond's, busa whip creamy mengandung 5x Micro Foam+. Busa lebih banyak dan halus lembut seperti awan, mengangkat kotoran serta minyak dan membersihkan pori lebih mendalam. POND'S Bright Beauty Whip Foam juga mengandung 10X collagen+. Banyak ditemukan di skin care premium, collagen serum mampu mengunci kelembapan di kulitmu ketika busa lembut membersihkan pori-pori. Tidak ada lagi wajah kering dan kaku sehabis mencuci muka! Facial foam pencerah wajah dengan Fresh Rose extract dan Vitamin B3+ (Niacinamide), mampu mencerahkan hingga 3X lebih baik+ untuk menyamarkan noda hitam dan kemerahan di wajah. Hasilnya, wajah glowing pori tersamarkan.",Toko Indomaret,Pembersih
Sunlight Pencuci Piring Lime 420mL,https://www.klikindomaret.com/product/sunlight-pencuci-piring-lime,20112492,20%,Rp 9.900,7.9,"Sunlight Jeruk Nipis 100 mampu menghilangkan lemak dengan kekuatan 100 jeruk nipis di tiap kemasannya, secara aktif mengangkat dan menghilangkan lemak membandel, dan juga membersihkan dengan cepat berkat teknologi baru Cepat Bilas.",Toko Indomaret,Sabun Cuci Piring
Sunlight Pencuci Piring Lime 910mL,https://www.klikindomaret.com/product/sunlight-pencuci-lime-910ml,20112491,21%,Rp 17.600,13.9,"Sunlight cairan pencuci piring dengan ekstrak jeruk nipis asli daya 100 jeruk nipi, 5x lebih cepat bersihkan lemak membandel. Baru lebih ekonomis hemat 10%.",Toko Indomaret,Sabun Cuci Piring
Rexona Deo Roll On Men Motionsense Lime Cool 45Ml,https://www.klikindomaret.com/product/deo-roll-on-men-motionsense-3,20111362,53%,Rp 26.200,12.25,"Rexona Men Natural Fresh Lime Cool mengandung lime dari alam, memberikanmu kesegaran maksimal dan perlindungan terhadap keringat & bau badan seharian.",Toko Indomaret,Deodorant Roll On
Glow & Lovely Bright C Glow Facial Foam Vitamin C 100g,https://www.klikindomaret.com/product/glow-and-lovely-bright-c-glow-facial-foam,20110117,3%,Rp 21.500,30.9,"Fair & Lovely mempersembahkan Bright C Glow Facial Foam yang mengandung 5x Vitamin C Essence Complex* yang mencerahkan dan menutrisi hingga ke dalam 20 lapisan kulit^. Diperkaya dengan kekuatan 100% natural ekstrak lemon untuk wajah glowing dan terasa kenyal. Facial Foam ini juga mengandung 100x Anti-Oksidan* untuk membersihkan wajah secara menyeluruh dari kotoran, debu dan kuman.",Toko Indomaret,Pembersih
Lux Body Wash Botanicals Soft Skin Soft Rose 825mL,https://www.klikindomaret.com/product/lux-botanicals-soft-skin-825ml,20110483,36%,Rp 44.900,28.9,"Lux Botanicals Soft Rose dengan Vitamin C Essence dan Floral Beauty Oil. Sabun cair yang diformulasikan secara khusus dengan bahan-bahan alami untuk menghadirkan pengalaman mandi yang memanjakan kulit dan dirimu dengan busa lebih banyak. Diperkaya dengan Vitamin C Essence dan ekstrak bunga Mawar Perancis, hadir dalam formulasi yang dapat melembapkan dan melembutkan kulitmu dengan keharuman alami.",Warehouse Jakarta 1,Sabun Cair
Bango Kecap Manis Less Sugar 520mL,https://www.klikindomaret.com/product/kecap-manis-light,20107538,21%,Rp 26.500,20.9,"Inovasi terbaru dari Bango yang terbuat dari daun Stevia sebagai pemanis alami dan Mallika, kedelai hitam berkualitas hasilkan kecap dengan perpaduan sempurna rasa manis dan gurih dengan kandungan gula 30% lebih rendah dibandingkan kecap manis Bango reguler.",Toko Indomaret,Kecap
Royco Bumbu Pelezat Serbaguna Sapi 6X9g,https://www.klikindomaret.com/product/royco-bumbu-pelezat-serbaguna-sapi,20110212,3%,Rp 21.500,3.8,ROYCO Penyedap Rasa Sapi merupakan produk bumbu masak Royco rasa Sapi yang berfungsi untuk menambah rasa masakan agar lebih sedap.,Toko Indomaret,Garam & Bumbu
Royco Bumbu Pelezat Serbaguna Ayam 6X9g,https://www.klikindomaret.com/product/royco-bumbu-pelezat-serbaguna-ayam,20110215,4%,Rp 6.700,3.800,ROYCO Penyedap Rasa Ayam merupakan produk bumbu masak Royco rasa ayam yang berfungsi untuk menambah rasa masakan agar lebih sedap.,Toko Indomaret,Garam & Bumbu
Pepsodent Pasta Gigi Multi Protection Complete 8 150G,https://www.klikindomaret.com/product/pasta-gigi-multi-protection,20108708,30%,Rp 18.500,19.700,"PASTA GIGI PEPSODENT COMPLETE 8 MULTI-PROTECTION. Pilih Pepsodent Complete 8 dengan 8 manfaat yang telah terbukti secara ilmiah & memberikan perlidungan seluruh gigi dan mulut terhadap bakteri untuk keluarga Anda. Mengandung Zinc mineral sebagai bahan alami yang terbukti dapat bekerja di seluruh permukaan bagian mulut untuk mengurangi 99% bakteri pada gigi, lidah, pipi dan gusi. tingkatan perlindungan gigi & mulut keluarga Anda dengan menyikat gigi dengan Pepsodent Complete 8. Menghilangkan plak dan bakteri pada plak. Melindungi dari pertumbuhan karang gigi, gigi berlubang dan menjaga agar gigi & gusi tetap sehat dan kuat. Untuk kesehatan dan perlindungan gigi mulut.",Toko Indomaret,Pasta Gigi
Pond's Men Pembersih Foam + Scrub Pore Vacuum 90G,https://www.klikindomaret.com/product/men-pembersih-foamscrub,20110114,26%,Rp 42.900,49.500,Pond's Men Pore Vacuum Facial Foam + Scrub - Sedot 10x lebih banyak Minyak & Kotoran untuk Kulit Cerah Bebas Minyak,Toko Indomaret,Pembersih
Dove Serum Shampoo Total Hair Fall 680mL,https://www.klikindomaret.com/product/serum-shampoo,20109664,3%,Rp 21.500,87.000,"Dove selalu berdedikasi untuk memberikan solusi terbaik dalam menutrisi rambut. Kami percaya untuk mendapatkan hasil yang nyata dibutuhkan perawatan terbaik dalam setiap pemakaiannya. Dove bekerja dengan 2 cara untuk memberikan hasil secara langsung maupun jangka panjang. Rambutmu akan menjadi semakin baik^ seiring dengan berjalannya waktu. Dove Total Hair Fall Treatment Shampoo dengan Nutrilock Serum yang mengkombinasikan Dynazinc dan Grapeseed Oil. Mengunci rambut dengan kuat di akarnya dan mengurangi kerontokan*. Di setiap pemakaian, rambutmu senantiasa ternutrisi, kuat dan indah. berdasarkan pengukuran internal secara teknis, dengan penggunaan Dove Total Hair Fall Treatment Shampoo dan Conditioner secara teratur. *rontok karena patah vs non-conditioning shampoo.",Warehouse Jakarta 1,Shampoo
Vaseline Lip Therapy Rosy Lips 7g,https://www.klikindomaret.com/product/lip-therapy-4,20108356,17%,Rp 110.500,40.300,Vaseline Lip Therapy - Rosy Lips merupakan solusi yang tepat untuk Anda yang mengalami bibir kering dan pecah. Terbuat dari vaseline petroleum jelly. Cukup dengan mengoleskan sedikit lip therapy ini pada bibir Anda dan Anda akan merasakan hasilnya seketika. Dengan kemasan mungil mudah dibawa kemanapun Anda pergi. Sehingga Anda akan terlindung dari bibir pecah dan kering setiap saat dan bibir Anda akan terlihat indah dan sehat.,Warehouse Jakarta 1,Bibir
